Workbook

Sheet Source dump
A1: Source workbook snapshot
A3: Sheet: Gemini สรุป
A4: สารออกฤทธิ์ (Active Ingredients) | B4: ปริมาณ / 100 ml | C4: 200 ml. | E4: กลไกการออกฤทธิ์และเหตุผลทางชีวเคมี (Physiological Function)
A5: MCT Oil | B5: 40.0 ml | C5: 80 | E5: พลังงานหลัก (Direct Portal Absorption) ดูดซึมตรงเข้าตับ แปลงเป็นพลังงานภายใน <20 นาที
A6: D-Ribose | B6: 6.0 g | C6: 12 | E6: สารตั้งต้นหลักในการสังเคราะห์พลังงาน ATP สำหรับกล้ามเนื้อกระตุกเร็ว (Fast-twitch fiber)
A7: Citrulline Malate (2:1) | B7: 3.0 g | C7: 6 | E7: เร่งวงจร Urea Cycle ขับแอมโมเนีย/ลดกรดแลคติก และเติม Malate เข้าวงจร Krebs Cycle
A8: Beta alanine | C8: 6
A9: N,N-Dimethylglycine (DMG HCl) | B9: 3.0 g | C9: 6 | E9: [สารเสริม] บูสต์การดึงออกซิเจนเข้าเซลล์กล้ามเนื้อ (Oxygen Uptake) และสนับสนุนการทำงานของตับ
A10: L-Carnitine L-Tartrate | B10: 2.0 g | C10: 4 | E10: ตัวพากรดไขมัน (MCT) เข้าสู่ไมโทคอนเดรียเพื่อกระบวนการ Beta-oxidation
A11: Sodium Citrate | B11: 2.5 g | C11: 5 | E11: อิเล็กโทรไลต์ชดเชยน้ำ ทำหน้าที่เป็น Systemic Buffer คุมกรดแลคติกในเลือด
A12: Potassium Citrate | B12: 0.8 g | C12: 1.6 | E12: รักษาสมดุลโพแทสเซียมในเซลล์กล้ามเนื้อ และช่วยคุมกรดแลคติก
A13: Magnesium Chloride (MgCl2) | B13: 0.8 g | C13: 1.6 | E13: [สารเสริม] ให้ Mg จับกับ ATP ปลดปล่อยพลังงาน และให้ Chloride คุมภาวะด่างจากการหอบ
A14: Sodium Ascorbate | B14: 0.8 g | C14: 1.6 | E14: วิตามินซีฟอร์มเกลือ (ต้านอนุมูลอิสระและลดความเครียดระดับเซลล์)
A15: Taurine | B15: 1.5 g | C15: 3 | E15: ควบคุมแคลเซียมไอออนในกล้ามเนื้อหัวใจ รักษาสมดุลการบีบตัวไม่ให้หัวใจวาย
A16: Vit B complex (cc) | C16: 1 | E16: โคเอนไซม์สำคัญในการเผาผลาญไขมัน (บังคับใช้หน่วยเป็นไมโครกรัม/mcg เท่านั้น)
A17: Glycerin | B17: 3.0 ml | C17: 6 | E17: ตัวทำละลาย (Carrier) สำหรับกลุ่มสารให้ความหนืด (Gum)
A18: Xanthan Gum | B18: 0.10 g | C18: 0.8 | E18: [ปรับลด] ปรับลดเพื่อให้ของเหลวไม่หนืดเกินไป เหมาะกับการดูดใส่ไซริงค์
A19: Guar Gum | B19: 0.10 g | C19: 0.2 | E19: [ปรับลด] ทำงานร่วมกับ Xanthan Gum เพื่อคงสภาพ Emulsion โดยไม่ทำให้หนืดคอ
A20: Tween80 (cc) | C20: 4 | E20: ผสานชั้นน้ำและน้ำมัน (O/W Emulsion) ให้เสถียร
A21: Lecithin Liquid (cc) | C21: 10
A22: กันบูด | C22: 2.5 | E22: ปรับปริมาตรของเหลวให้ครบ 100 ml
A25: Sheet: 30% MCT
A26: สารออกฤทธิ์ (Active Ingredients) | B26: ปริมาณ / 100 ml | C26: กลไกการออกฤทธิ์ที่อัปเดตตามสัดส่วนใหม่
A27: MCT Oil | B27: 30.0 ml | C27: [ปรับลด] ให้ความเหลวดูดง่ายขึ้น แต่ยังให้แคลอรี่ที่เพียงพอต่อการตี 6 ยก
A28: D-Ribose | B28: 10.0 g | C28: [ปรับเพิ่ม] ชนเพดานสูงสุดของการสร้าง ATP แบบเฉียบพลัน (Hyper-ATP Resynthesis)
A29: Citrulline Malate (2:1) | B29: 3.0 g | C29: เร่งวงจร Urea Cycle ขับแอมโมเนีย/ลดกรดแลคติก
A30: N,N-Dimethylglycine (DMG HCl) | B30: 3.0 g | C30: บูสต์การดึงออกซิเจนเข้าเซลล์กล้ามเนื้อ (Oxygen Uptake) ป้องกันไก่หอบลึก
A31: L-Carnitine L-Tartrate | B31: 2.0 g | C31: ดึง MCT เข้าสู่ไมโตรคอนเดรีย เร่งการเผาผลาญให้ไขมัน 30% ออกฤทธิ์ได้เทียบเท่า 40%
A32: Sodium Citrate | B32: 2.5 g | C32: อิเล็กโทรไลต์ชดเชยน้ำ ทำหน้าที่เป็น Systemic Buffer คุมกรดแลคติก
A33: Potassium Citrate | B33: 0.8 g | C33: รักษาสมดุลโพแทสเซียม ป้องกันตะคริวในกล้ามเนื้อปีกและขา
A34: Magnesium Chloride (MgCl2) | B34: 0.8 g | C34: ให้ Mg จับกับ ATP 10% ที่สร้างขึ้นใหม่ เพื่อปลดปล่อยเป็นพลังงานตี
A35: Sodium Ascorbate | B35: 0.8 g | C35: ต้านอนุมูลอิสระ (Vitamin C) ลดความเครียดระดับเซลล์
A36: Taurine | B36: 1.5 g | C36: คุมจังหวะหัวใจ ป้องกันหัวใจวายจากการสูบฉีดเลือดอย่างหนัก
A37: Vitamin B12 | B37: 500 mcg | C37: โคเอนไซม์จุดระเบิดการเผาผลาญไขมัน (ใส่เป็นหน่วย ไมโครกรัม)
... A44: Distilled Water (น้ำกลั่น) | B44: เติมจนครบ 100ml | C44: พื้นที่น้ำจะเพิ่มขึ้น ช่วยละลาย D-Ribose 10g ให้ใสแจ๋ว

Sheet Proportion model
A1: Variant | B1: MCT oil (mL/100mL) | C1: D-ribose (g/100mL) | D1: LCLT (g/100mL) | E1: MCT vol % | F1: Ribose mg/mL | G1: LCLT mg/mL | H1: Dose mL | I1: MCT mL/dose | J1: MCT kcal/dose | K1: Ribose mg/dose | L1: LCLT mg/dose | M1: Carnitine base mg/dose | N1: Trio ratio | O1: Assessment
A2: Current 40% sheet | B2: 40 | C2: 6 | D2: 2 | E2: =B2/100 -> 0.4 | F2: =C2*1000/100 -> 60 | G2: =D2*1000/100 -> 20 | H2: =Assumptions!B2 -> 5 | I2: =B2*H2/100 -> 2 | J2: =I2*Assumptions!B3 -> 16.6 | K2: =C2*1000*H2/100 -> 300 | L2: =D2*1000*H2/100 -> 100 | M2: =L2*Assumptions!B4 -> 68 | N2: =TEXT(B2,"0")&" mL : "&TEXT(C2,"0.0")&" g : "&TEXT(D2,"0.00")&" g" -> 40 mL : 6.0 g : 2.00 g | O2: High oil, lower ribose; very little water left once emulsifiers/solids are included.
A3: Current 30% sheet | B3: 30 | C3: 10 | D3: 2 | E3: =B3/100 -> 0.3 | F3: =C3*1000/100 -> 100 | G3: =D3*1000/100 -> 20 | H3: =Assumptions!B2 -> 5 | I3: =B3*H3/100 -> 1.5 | J3: =I3*Assumptions!B3 -> 12.45 | K3: =C3*1000*H3/100 -> 500 | L3: =D3*1000*H3/100 -> 100 | M3: =L3*Assumptions!B4 -> 68 | N3: =TEXT(B3,"0")&" mL : "&TEXT(C3,"0.0")&" g : "&TEXT(D3,"0.00")&" g" -> 30 mL : 10.0 g : 2.00 g | O3: Better than 40% for emulsion, but ribose is pushed high while amines/Vit C are still present.
A4: Candidate balanced | B4: 25 | C4: 8 | D4: 1.25 | E4: =B4/100 -> 0.25 | F4: =C4*1000/100 -> 80 | G4: =D4*1000/100 -> 12.5 | H4: =Assumptions!B2 -> 5 | I4: =B4*H4/100 -> 1.25 | J4: =I4*Assumptions!B3 -> 10.375 | K4: =C4*1000*H4/100 -> 400 | L4: =D4*1000*H4/100 -> 62.5 | M4: =L4*Assumptions!B4 -> 42.5 | N4: =TEXT(B4,"0")&" mL : "&TEXT(C4,"0.0")&" g : "&TEXT(D4,"0.00")&" g" -> 25 mL : 8.0 g : 1.25 g | O4: Best first pilot: lower oil/viscosity, meaningful ribose, LCLT not excessive for an acute liquid.
A5: Candidate conservative | B5: 20 | C5: 6 | D5: 1 | E5: =B5/100 -> 0.2 | F5: =C5*1000/100 -> 60 | G5: =D5*1000/100 -> 10 | H5: =Assumptions!B2 -> 5 | I5: =B5*H5/100 -> 1 | J5: =I5*Assumptions!B3 -> 8.3 | K5: =C5*1000*H5/100 -> 300 | L5: =D5*1000*H5/100 -> 50 | M5: =L5*Assumptions!B4 -> 34 | N5: =TEXT(B5,"0")&" mL : "&TEXT(C5,"0.0")&" g : "&TEXT(D5,"0.00")&" g" -> 20 mL : 6.0 g : 1.00 g | O5: Lowest stability/GI risk; use if syringeability or separation is poor.
A6: Candidate high-energy cap | B6: 30 | C6: 8 | D6: 1.5 | E6: =B6/100 -> 0.3 | F6: =C6*1000/100 -> 80 | G6: =D6*1000/100 -> 15 | H6: =Assumptions!B2 -> 5 | I6: =B6*H6/100 -> 1.5 | J6: =I6*Assumptions!B3 -> 12.45 | K6: =C6*1000*H6/100 -> 400 | L6: =D6*1000*H6/100 -> 75 | M6: =L6*Assumptions!B4 -> 51 | N6: =TEXT(B6,"0")&" mL : "&TEXT(C6,"0.0")&" g : "&TEXT(D6,"0.00")&" g" -> 30 mL : 8.0 g : 1.50 g | O6: Upper pilot only if emulsion passes 7-day heat/cool and bird tolerance tests.

Sheet Assumptions
A1: Assumption | B1: Value | C1: Note/source
A2: Default practical dose (mL) | B2: 5 | C2: Change this cell to model per-dose delivery.
A3: MCT oil kcal per mL | B3: 8.3 | C3: Approx. 8.3 kcal/mL for MCT oil; use supplier COA if available.
A4: LCLT carnitine-base fraction | B4: 0.68 | C4: 2 carnitine : 1 tartrate stoichiometry; some supplier labels differ by basis.
A5: Ribose aqueous solubility mg/mL | B5: 1000 | C5: Project dossier: freely soluble ~1000+ g/L; verify supplier spec.
A6: LCLT aqueous solubility mg/mL | B6: 1000 | C6: Project dossier/supplier monographs: >1 g/mL.
A7: Taurine solubility mg/mL | B7: 62.5 | C7: Project taurine dossier low-end at ~20C; relevant because current formula contains taurine.

Sheet 3-rule gate
A1: Substance | B1: R1 solubility / ratio | C1: R2 stability | D1: R3 conflicts | E1: Verdict
A2: MCT oil | B2: Not water-soluble; must be oil-in-water emulsion. At 25–30 mL/100 mL oil phase, emulsion quality—not molecular solubility—is the limit. | C2: Triglycerides are generally stable if protected from oxidation/light/heat; microbial risk is the aqueous phase. | D2: Requires emulsifier + homogenization. Too much oil + gums = viscosity/separation risk. No Maillard. | E2: FLAG: workable as emulsion; pilot at 20–25% before 30%.
A3: D-ribose | B3: Freely water-soluble; 6–10 g/100 mL = 60–100 mg/mL, below ~1000 mg/mL solubility. | C3: Reducing sugar; browning risk rises with amino acids, vitamin C, warmth, time. | D3: Conflicts with free amino groups in citrulline/taurine/beta-alanine and with ascorbate/B vitamins. Keep cool/acidic or separate/make-fresh. | E3: FLAG: okay in trio, risky in full stored formula.
A4: L-carnitine L-tartrate | B4: Very soluble; 1–2 g/100 mL = 10–20 mg/mL, >50x headroom. | C4: Stable at pH ~3–6; not redox-labile; hygroscopic dry. | D4: Low Maillard risk because quaternary amine. Avoid high Ca due calcium tartrate precipitation. Acute benefit overclaimed; chronic preload stronger. | E4: OK chemically; efficacy best as preload. Use 1.0–1.5 g/100 mL if kept in liquid.
A5: Full current matrix | B5: Individual solubility mostly okay, but water volume is limited by 30–40% oil, emulsifiers, gums, and ~23–26 g solids/100 mL. | C5: Stored aqueous reducing sugar + amines + ascorbate/B12 is the main shelf-life weakness. | D5: Many amines + ribose; citrate/alkali load; possible viscosity/emulsion issues. | E5: NO-GO as final shelf-stable claim without pH, preservative, centrifuge, heat/cool, and assay data.

Sheet Recommendation
A1: Working recommendation
A3: Best first pilot proportion per 100 mL: MCT oil 25 mL + D-ribose 8 g + L-carnitine L-tartrate 1.25 g.
A4: Acceptable operating range: MCT 20–30 mL, ribose 6–8 g, LCLT 1.0–1.5 g per 100 mL.
A5: Do not treat LCLT as a direct MCT transporter; MCT is already rapidly oxidized. LCLT is mainly chronic fat-oxidation/cardiopulmonary support.
A6: If this is meant to be shelf-stable, split ribose away from amino acids/ascorbate/B12 or require real stability testing.
A7: Before scaling: measure pH, 24h/7d separation, centrifuge stress, viscosity through syringe, microbial/preservative effectiveness, and color/browning.

Sheet Sources
A1: Topic | B1: Source
A2: Workbook inspected | B2: /Users/arsapolm/Documents/my-projects/gaiteva/MCT oil 40% Oral Solution.xlsx
A3: Project dossier | B3: omx_wiki/substance-d-ribose.md
A4: Project dossier | B4: omx_wiki/substance-l-carnitine-l-tartrate-lclt.md
A5: Project dossier | B5: omx_wiki/substance-taurine.md
A6: L-carnitine poultry 2025 | B6: https://link.springer.com/article/10.1186/s12917-025-04813-w
A7: MCT review/search evidence | B7: https://pmc.ncbi.nlm.nih.gov/articles/PMC13075030/
A8: Maillard review | B8: https://www.mdpi.com/2304-8158/14/11/1881
A9: D-ribose identity | B9: https://webbook.nist.gov/cgi/inchi?ID=C50691&Mask=8
